INSERT INTO highschool.teacher(firstname, lastname, dateOfBirth) values("Leonard", "Dusty", "1990-10-20");
INSERT INTO highschool.teacher(firstname, lastname, dateOfBirth) values("Audrey", "Masson", "1985-3-25");
INSERT INTO highschool.teacher(firstname, lastname, dateOfBirth) values("Emma", "DaSilva", "1978-2-5");

INSERT INTO highschool.course(name, teacherFirstName, teacherLastName) values("Maths", "Emma", "DaSilva");
INSERT INTO highschool.course(name, teacherFirstName, teacherLastName) values("English", "Leonard", "Dusty");
INSERT INTO highschool.course(name, teacherFirstName, teacherLastName) values("Geometry", "Emma", "DaSilva");
INSERT INTO highschool.course(name, teacherFirstName, teacherLastName) values("History", "Audrey", "Masson");
INSERT INTO highschool.course(name, teacherFirstName, teacherLastName) values("Geography", "Audrey", "Masson");

INSERT INTO highschool.student(firstName, lastName, registrationNumber, dateOfBirth) values("Math", "Jofrey", 1, "2000-10-10");
INSERT INTO highschool.student(firstName, lastName, registrationNumber, dateOfBirth) values("Aliena", "Petrov", 2, "2000-10-10");
INSERT INTO highschool.student(firstName, lastName, registrationNumber, dateOfBirth) values("Mark", "Simpson", 3, "2000-10-10");
INSERT INTO highschool.student(firstName, lastName, registrationNumber, dateOfBirth) values("Bart", "Simpson", 4, "2000-10-10");
INSERT INTO highschool.student(firstName, lastName, registrationNumber, dateOfBirth) values("Alexander", "Socolov", 5, "2000-10-10");
INSERT INTO highschool.student(firstName, lastName, registrationNumber, dateOfBirth) values("Artyom", "Alyexevich", 6, "2000-10-10");
INSERT INTO highschool.student(firstName, lastName, registrationNumber, dateOfBirth) values("Susan", "McWilliam", 7, "2000-10-10");
INSERT INTO highschool.student(firstName, lastName, registrationNumber, dateOfBirth) values("Heather", "Abbey", 8, "2000-10-10");
INSERT INTO highschool.student(firstName, lastName, registrationNumber, dateOfBirth) values("Christian", "Abraham", 9, "2000-10-10");
INSERT INTO highschool.student(firstName, lastName, registrationNumber, dateOfBirth) values("Abby", "Aiken", 10, "2000-10-10");
INSERT INTO highschool.student(firstName, lastName, registrationNumber, dateOfBirth) values("Acacia", "Alfredson", 11, "2000-10-10");
INSERT INTO highschool.student(firstName, lastName, registrationNumber, dateOfBirth) values("Alannis", "Arrington", 12, "2000-10-10");
INSERT INTO highschool.student(firstName, lastName, registrationNumber, dateOfBirth) values("Alesha", "Bagley", 13, "2000-10-10");
INSERT INTO highschool.student(firstName, lastName, registrationNumber, dateOfBirth) values("Amy", "Bates", 14, "2000-10-10");
INSERT INTO highschool.student(firstName, lastName, registrationNumber, dateOfBirth) values("Belinda", "Blackburn", 15, "2000-10-10");
INSERT INTO highschool.student(firstName, lastName, registrationNumber, dateOfBirth) values("Berta", "Boyce", 16, "2000-10-10");
INSERT INTO highschool.student(firstName, lastName, registrationNumber, dateOfBirth) values("Bill", "Carpenter", 17, "2000-10-10");
INSERT INTO highschool.student(firstName, lastName, registrationNumber, dateOfBirth) values("Brianna", "Clark", 18, "2000-10-10");
INSERT INTO highschool.student(firstName, lastName, registrationNumber, dateOfBirth) values("Camille", "Cooper", 19, "2000-10-10");
INSERT INTO highschool.student(firstName, lastName, registrationNumber, dateOfBirth) values("Carissa", "Curtis", 20, "2000-10-10");

INSERT INTO highschool.coursesperstudent(courseName, registrationNumber) values("Maths", 1);
INSERT INTO highschool.coursesperstudent(courseName, registrationNumber) values("Maths", 2);
INSERT INTO highschool.coursesperstudent(courseName, registrationNumber) values("Maths", 3);
INSERT INTO highschool.coursesperstudent(courseName, registrationNumber) values("Maths", 4);
INSERT INTO highschool.coursesperstudent(courseName, registrationNumber) values("Maths", 5);
INSERT INTO highschool.coursesperstudent(courseName, registrationNumber) values("Maths", 6);
INSERT INTO highschool.coursesperstudent(courseName, registrationNumber) values("Maths", 7);
INSERT INTO highschool.coursesperstudent(courseName, registrationNumber) values("Maths", 8);
INSERT INTO highschool.coursesperstudent(courseName, registrationNumber) values("Maths", 9);
INSERT INTO highschool.coursesperstudent(courseName, registrationNumber) values("Maths", 10);
INSERT INTO highschool.coursesperstudent(courseName, registrationNumber) values("Maths", 11);
INSERT INTO highschool.coursesperstudent(courseName, registrationNumber) values("Maths", 12);
INSERT INTO highschool.coursesperstudent(courseName, registrationNumber) values("Maths", 13);
INSERT INTO highschool.coursesperstudent(courseName, registrationNumber) values("Maths", 14);
INSERT INTO highschool.coursesperstudent(courseName, registrationNumber) values("Maths", 15);
INSERT INTO highschool.coursesperstudent(courseName, registrationNumber) values("Maths", 16);
INSERT INTO highschool.coursesperstudent(courseName, registrationNumber) values("Maths", 17);
INSERT INTO highschool.coursesperstudent(courseName, registrationNumber) values("Maths", 18);
INSERT INTO highschool.coursesperstudent(courseName, registrationNumber) values("Maths", 19);
INSERT INTO highschool.coursesperstudent(courseName, registrationNumber) values("Maths", 20);

INSERT INTO highschool.coursesperstudent(courseName, registrationNumber) values("English", 1);
INSERT INTO highschool.coursesperstudent(courseName, registrationNumber) values("English", 2);
INSERT INTO highschool.coursesperstudent(courseName, registrationNumber) values("English", 3);
INSERT INTO highschool.coursesperstudent(courseName, registrationNumber) values("English", 4);
INSERT INTO highschool.coursesperstudent(courseName, registrationNumber) values("English", 5);
INSERT INTO highschool.coursesperstudent(courseName, registrationNumber) values("English", 6);
INSERT INTO highschool.coursesperstudent(courseName, registrationNumber) values("English", 7);
INSERT INTO highschool.coursesperstudent(courseName, registrationNumber) values("English", 8);
INSERT INTO highschool.coursesperstudent(courseName, registrationNumber) values("English", 9);
INSERT INTO highschool.coursesperstudent(courseName, registrationNumber) values("English", 10);
INSERT INTO highschool.coursesperstudent(courseName, registrationNumber) values("English", 11);
INSERT INTO highschool.coursesperstudent(courseName, registrationNumber) values("English", 12);
INSERT INTO highschool.coursesperstudent(courseName, registrationNumber) values("English", 13);
INSERT INTO highschool.coursesperstudent(courseName, registrationNumber) values("English", 14);
INSERT INTO highschool.coursesperstudent(courseName, registrationNumber) values("English", 15);
INSERT INTO highschool.coursesperstudent(courseName, registrationNumber) values("English", 16);
INSERT INTO highschool.coursesperstudent(courseName, registrationNumber) values("English", 17);
INSERT INTO highschool.coursesperstudent(courseName, registrationNumber) values("English", 18);
INSERT INTO highschool.coursesperstudent(courseName, registrationNumber) values("English", 19);
INSERT INTO highschool.coursesperstudent(courseName, registrationNumber) values("English", 20);

INSERT INTO highschool.coursesperstudent(courseName, registrationNumber) values("Geometry", 1);
INSERT INTO highschool.coursesperstudent(courseName, registrationNumber) values("Geometry", 2);
INSERT INTO highschool.coursesperstudent(courseName, registrationNumber) values("Geometry", 3);
INSERT INTO highschool.coursesperstudent(courseName, registrationNumber) values("Geometry", 4);
INSERT INTO highschool.coursesperstudent(courseName, registrationNumber) values("Geometry", 5);
INSERT INTO highschool.coursesperstudent(courseName, registrationNumber) values("Geometry", 6);
INSERT INTO highschool.coursesperstudent(courseName, registrationNumber) values("Geometry", 7);
INSERT INTO highschool.coursesperstudent(courseName, registrationNumber) values("Geometry", 8);
INSERT INTO highschool.coursesperstudent(courseName, registrationNumber) values("Geometry", 9);
INSERT INTO highschool.coursesperstudent(courseName, registrationNumber) values("Geometry", 10);
INSERT INTO highschool.coursesperstudent(courseName, registrationNumber) values("Geometry", 11);
INSERT INTO highschool.coursesperstudent(courseName, registrationNumber) values("Geometry", 12);
INSERT INTO highschool.coursesperstudent(courseName, registrationNumber) values("Geometry", 13);
INSERT INTO highschool.coursesperstudent(courseName, registrationNumber) values("Geometry", 14);
INSERT INTO highschool.coursesperstudent(courseName, registrationNumber) values("Geometry", 15);
INSERT INTO highschool.coursesperstudent(courseName, registrationNumber) values("Geometry", 16);
INSERT INTO highschool.coursesperstudent(courseName, registrationNumber) values("Geometry", 17);
INSERT INTO highschool.coursesperstudent(courseName, registrationNumber) values("Geometry", 18);
INSERT INTO highschool.coursesperstudent(courseName, registrationNumber) values("Geometry", 19);
INSERT INTO highschool.coursesperstudent(courseName, registrationNumber) values("Geometry", 20);

INSERT INTO highschool.coursesperstudent(courseName, registrationNumber) values("History", 1);
INSERT INTO highschool.coursesperstudent(courseName, registrationNumber) values("History", 2);
INSERT INTO highschool.coursesperstudent(courseName, registrationNumber) values("History", 3);
INSERT INTO highschool.coursesperstudent(courseName, registrationNumber) values("History", 4);
INSERT INTO highschool.coursesperstudent(courseName, registrationNumber) values("History", 5);
INSERT INTO highschool.coursesperstudent(courseName, registrationNumber) values("History", 6);
INSERT INTO highschool.coursesperstudent(courseName, registrationNumber) values("History", 7);
INSERT INTO highschool.coursesperstudent(courseName, registrationNumber) values("History", 8);
INSERT INTO highschool.coursesperstudent(courseName, registrationNumber) values("History", 9);
INSERT INTO highschool.coursesperstudent(courseName, registrationNumber) values("History", 10);
INSERT INTO highschool.coursesperstudent(courseName, registrationNumber) values("History", 11);
INSERT INTO highschool.coursesperstudent(courseName, registrationNumber) values("History", 12);
INSERT INTO highschool.coursesperstudent(courseName, registrationNumber) values("History", 13);
INSERT INTO highschool.coursesperstudent(courseName, registrationNumber) values("History", 14);
INSERT INTO highschool.coursesperstudent(courseName, registrationNumber) values("History", 15);
INSERT INTO highschool.coursesperstudent(courseName, registrationNumber) values("History", 16);
INSERT INTO highschool.coursesperstudent(courseName, registrationNumber) values("History", 17);
INSERT INTO highschool.coursesperstudent(courseName, registrationNumber) values("History", 18);
INSERT INTO highschool.coursesperstudent(courseName, registrationNumber) values("History", 19);
INSERT INTO highschool.coursesperstudent(courseName, registrationNumber) values("History", 20);

INSERT INTO highschool.coursesperstudent(courseName, registrationNumber) values("Geography", 1);
INSERT INTO highschool.coursesperstudent(courseName, registrationNumber) values("Geography", 2);
INSERT INTO highschool.coursesperstudent(courseName, registrationNumber) values("Geography", 3);
INSERT INTO highschool.coursesperstudent(courseName, registrationNumber) values("Geography", 4);
INSERT INTO highschool.coursesperstudent(courseName, registrationNumber) values("Geography", 5);
INSERT INTO highschool.coursesperstudent(courseName, registrationNumber) values("Geography", 6);
INSERT INTO highschool.coursesperstudent(courseName, registrationNumber) values("Geography", 7);
INSERT INTO highschool.coursesperstudent(courseName, registrationNumber) values("Geography", 8);
INSERT INTO highschool.coursesperstudent(courseName, registrationNumber) values("Geography", 9);
INSERT INTO highschool.coursesperstudent(courseName, registrationNumber) values("Geography", 10);
INSERT INTO highschool.coursesperstudent(courseName, registrationNumber) values("Geography", 11);
INSERT INTO highschool.coursesperstudent(courseName, registrationNumber) values("Geography", 12);
INSERT INTO highschool.coursesperstudent(courseName, registrationNumber) values("Geography", 13);
INSERT INTO highschool.coursesperstudent(courseName, registrationNumber) values("Geography", 14);
INSERT INTO highschool.coursesperstudent(courseName, registrationNumber) values("Geography", 15);
INSERT INTO highschool.coursesperstudent(courseName, registrationNumber) values("Geography", 16);
INSERT INTO highschool.coursesperstudent(courseName, registrationNumber) values("Geography", 17);
INSERT INTO highschool.coursesperstudent(courseName, registrationNumber) values("Geography", 18);
INSERT INTO highschool.coursesperstudent(courseName, registrationNumber) values("Geography", 19);
INSERT INTO highschool.coursesperstudent(courseName, registrationNumber) values("Geography", 20);

INSERT INTO highschool.marksperstudentpercourse(markId,mark,courseName,registrationNumber) values(1,10,"Maths", 3);
INSERT INTO highschool.marksperstudentpercourse(markId,mark,courseName,registrationNumber) values(1,10,"Maths", 2);
INSERT INTO highschool.marksperstudentpercourse(markId,mark,courseName,registrationNumber) values(1,10,"Maths", 4);
INSERT INTO highschool.marksperstudentpercourse(markId,mark,courseName,registrationNumber) values(2,5,"Maths", 3);
INSERT INTO highschool.marksperstudentpercourse(markId,mark,courseName,registrationNumber) values(3,8,"Maths", 3);
INSERT INTO highschool.marksperstudentpercourse(markId,mark,courseName,registrationNumber) values(1,4,"Geography", 3);
INSERT INTO highschool.marksperstudentpercourse(markId,mark,courseName,registrationNumber) values(2,2,"Geography", 3);
INSERT INTO highschool.marksperstudentpercourse(markId,mark,courseName,registrationNumber) values(3,7,"Geography", 3);
INSERT INTO highschool.marksperstudentpercourse(markId,mark,courseName,registrationNumber) values(1,10,"Geography", 1);
INSERT INTO highschool.marksperstudentpercourse(markId,mark,courseName,registrationNumber) values(2,5,"Geography", 1);